time,lat,lon,altM
1490142495,-28.703247,153.641877,2214
1490142496,-28.703165,153.641492,2218
1490142497,-28.703057,153.641238,2221
1490142497,-28.702938,153.640929,2224
1490142498,-28.702828,153.640597,2228
1490142499,-28.702745,153.640328,2231
1490142499,-28.702611,153.639916,2235
1490142500,-28.702464,153.63946,2238
1490142501,-28.702319,153.638999,2242
1490142502,-28.702151,153.638427,2246
1490142504,-28.702092,153.638222,2252
1490142506,-28.701883,153.636744,2257
1490142508,-28.701883,153.636744,2262
1490142509,-28.701883,153.636744,2268
1490142510,-28.701883,153.636744,2274
1490142511,-28.701883,153.636744,2280
1490142512,-28.701874,153.634222,2285
1490142513,-28.701874,153.634222,2290
1490142514,-28.701874,153.634222,2295
1490142515,-28.701874,153.634222,2300
1490142515,-28.701874,153.634222,2304
1490142515,-28.701874,153.634222,2309
1490142515,-28.701874,153.634222,2315
1490142515,-28.701874,153.634222,2318
1490142515,-28.701874,153.634222,2324
1490142515,-28.701874,153.634222,2328
1490142515,-28.701874,153.634222,2334
1490142515,-28.701874,153.634222,2337
1490142515,-28.701874,153.634222,2341
1490142515,-28.701874,153.634222,2346
1490142515,-28.701874,153.634222,2351
1490142515,-28.701874,153.634222,2355
1490142515,-28.701874,153.634222,2359
1490142515,-28.701874,153.634222,2362
1490142515,-28.701874,153.634222,2366
1490142515,-28.701874,153.634222,2370
1490142515,-28.701874,153.634222,2373
1490142515,-28.701874,153.634222,2377
1490142515,-28.701874,153.634222,2379
1490142515,-28.701874,153.634222,2382
1490142515,-28.701874,153.634222,2386
1490142515,-28.701874,153.634222,2391
1490142515,-28.701874,153.634222,2395
1490142515,-28.701874,153.634222,2399
1490142515,-28.701874,153.634222,2404
1490142515,-28.701874,153.634222,2410
1490142515,-28.701874,153.634222,2416
1490142515,-28.701874,153.634222,2421
1490142515,-28.701874,153.634222,2425
1490142515,-28.701874,153.634222,2429
1490142515,-28.701874,153.634222,2435
1490142515,-28.701874,153.634222,2440
1490142515,-28.701874,153.634222,2445
1490142515,-28.701874,153.634222,2449
1490142515,-28.701874,153.634222,2454
1490142515,-28.701874,153.634222,2459
1490142515,-28.701874,153.634222,2463
1490142515,-28.701874,153.634222,2467
1490142515,-28.701874,153.634222,2472
1490142515,-28.701874,153.634222,2476
1490142515,-28.701874,153.634222,2480
1490142515,-28.701874,153.634222,2483
1490142515,-28.701874,153.634222,2487
1490142515,-28.701874,153.634222,2490
1490142515,-28.701874,153.634222,2494
1490142515,-28.701874,153.634222,2497
1490142515,-28.701874,153.634222,2500
1490142515,-28.701874,153.634222,2503
1490142515,-28.701874,153.634222,2506
1490142515,-28.701874,153.634222,2509
1490142515,-28.701874,153.634222,2513
1490142515,-28.701874,153.634222,2516
1490142515,-28.701874,153.634222,2520
1490142515,-28.701874,153.634222,2525
1490142515,-28.701874,153.634222,2529
1490142515,-28.701874,153.634222,2533
1490142515,-28.701874,153.634222,2536
1490142576,-28.701874,153.634222,2541
1490142577,-28.701874,153.634222,2546
1490142578,-28.701874,153.634222,2549
1490142579,-28.680753,153.603628,2555
1490142580,-28.680418,153.60313,2560
1490142581,-28.680099,153.602682,2565
1490142582,-28.679785,153.602254,2571
1490142583,-28.679483,153.601849,2577
1490142583,-28.679483,153.601849,2581
1490142585,-28.678857,153.600976,2586
1490142586,-28.678539,153.600536,2591
1490142587,-28.678221,153.600102,2597
1490142588,-28.677906,153.599665,2602
1490142589,-28.677598,153.599233,2605
1490142590,-28.677296,153.598797,2609
1490142591,-28.676985,153.598362,2613
1490142592,-28.676669,153.597928,2616
1490142593,-28.676353,153.597495,2619
1490142594,-28.676031,153.597055,2621
1490142594,-28.676031,153.597055,2624
1490142595,-28.675711,153.596618,2627
1490142596,-28.675389,153.596175,2631
1490142597,-28.675066,153.595728,2634
1490142598,-28.674745,153.595282,2638
1490142599,-28.674424,153.594834,2642
1490142600,-28.674107,153.594387,2647
1490142601,-28.673791,153.593933,2652
1490142602,-28.673479,153.593477,2657
1490142603,-28.673171,153.593016,2662
1490142604,-28.672872,153.592551,2667
1490142605,-28.672583,153.592086,2672
1490142606,-28.672302,153.591616,2677
1490142607,-28.672031,153.591138,2682
1490142608,-28.671765,153.590659,2687
1490142609,-28.671503,153.590171,2691
1490142610,-28.671244,153.589684,2695
1490142611,-28.670987,153.589196,2699
1490142612,-28.670734,153.588705,2703
1490142613,-28.670484,153.588211,2708
1490142614,-28.670236,153.587719,2711
1490142615,-28.669992,153.587227,2714
1490142616,-28.669746,153.586729,2719
1490142617,-28.669502,153.586231,2723
1490142618,-28.669258,153.585728,2726
1490142619,-28.669017,153.585219,2728
1490142620,-28.668777,153.584707,2732
1490142621,-28.668531,153.584198,2735
1490142622,-28.668283,153.583685,2738
1490142623,-28.668033,153.583173,2742
1490142624,-28.667781,153.582659,2745
1490142625,-28.667529,153.582148,2749
1490142626,-28.667276,153.581638,2756
1490142627,-28.667024,153.581126,2760
1490142628,-28.666767,153.580615,2765
1490142629,-28.666512,153.580104,2770
1490142630,-28.666261,153.579595,2775
1490142631,-28.66601,153.57909,2780
1490142632,-28.665757,153.578584,2784
1490142633,-28.665504,153.578078,2789
1490142634,-28.665251,153.577574,2793
1490142635,-28.664997,153.577068,2797
1490142636,-28.664742,153.576562,2800
1490142637,-28.664489,153.576057,2805
1490142638,-28.664232,153.575549,2807
1490142639,-28.663975,153.575041,2811
1490142640,-28.663715,153.574531,2814
1490142641,-28.663456,153.574021,2818
1490142642,-28.663197,153.573509,2821
1490142643,-28.662937,153.572996,2826
1490142643,-28.662937,153.572996,2830
1490142645,-28.662425,153.571964,2833
1490142646,-28.662169,153.571445,2837
1490142647,-28.661913,153.570924,2840
1490142648,-28.661657,153.570403,2846
1490142649,-28.661404,153.569881,2851
1490142650,-28.661154,153.56936,2856
1490142651,-28.660906,153.568838,2862
1490142652,-28.660662,153.568318,2867
1490142653,-28.660422,153.567796,2873
1490142654,-28.660186,153.567276,2878
1490142655,-28.659952,153.566756,2884
1490142656,-28.659719,153.566237,2888
1490142657,-28.659488,153.565719,2893
1490142658,-28.659258,153.565202,2898
1490142659,-28.65903,153.564685,2903
1490142660,-28.658802,153.564168,2907
1490142661,-28.658571,153.563648,2911
1490142662,-28.658346,153.563128,2914
1490142663,-28.65812,153.562608,2919
1490142664,-28.657895,153.562086,2921
1490142665,-28.657668,153.561565,2925
1490142666,-28.657435,153.561041,2929
1490142667,-28.657202,153.560517,2932
1490142668,-28.65697,153.55999,2935
1490142669,-28.656735,153.559464,2939
1490142670,-28.656498,153.558937,2942
1490142671,-28.656261,153.558411,2946
1490142672,-28.65602,153.557884,2950
1490142673,-28.655778,153.557357,2953
1490142674,-28.655533,153.556829,2957
1490142675,-28.655289,153.556304,2961
1490142676,-28.655043,153.555779,2965
1490142677,-28.654798,153.555254,2969
1490142678,-28.654552,153.554726,2974
1490142679,-28.654306,153.554198,2978
1490142680,-28.654062,153.553671,2981
1490142681,-28.653818,153.553146,2987
1490142682,-28.653576,153.552613,2991
1490142683,-28.653335,153.552085,2995
1490142684,-28.653093,153.551558,3000
1490142685,-28.652851,153.551032,3005
1490142686,-28.652606,153.550507,3009
1490142687,-28.652365,153.549982,3014
1490142688,-28.652122,153.549462,3019
1490142689,-28.651878,153.548943,3024
1490142690,-28.651636,153.54842,3028
1490142691,-28.651392,153.547897,3033
1490142692,-28.651149,153.547376,3037
1490142693,-28.650906,153.546855,3043
1490142694,-28.650662,153.546334,3047
1490142695,-28.65042,153.545814,3051
1490142696,-28.650175,153.545294,3054
1490142697,-28.649925,153.544776,3058
1490142698,-28.649675,153.544258,3062
1490142699,-28.649423,153.543733,3067
1490142700,-28.649172,153.543209,3070
1490142701,-28.648923,153.542688,3076
1490142702,-28.648674,153.542166,3080
1490142703,-28.648425,153.541639,3086
1490142703,-28.648425,153.541639,3090
1490142705,-28.647938,153.540585,3095
1490142706,-28.647695,153.540061,3100
1490142707,-28.647454,153.539537,3106
1490142708,-28.64721,153.539017,3112
1490142709,-28.646967,153.538503,3118
1490142710,-28.646967,153.538503,3123
1490142711,-28.646967,153.538503,3128
1490142712,-28.646131,153.536896,3134
1490142713,-28.645932,153.536481,3139
1490142714,-28.645683,153.535984,3144
1490142715,-28.645415,153.53549,3150
1490142716,-28.645137,153.534997,3154
1490142717,-28.644842,153.534517,3158
1490142718,-28.644532,153.534056,3163
1490142719,-28.644208,153.533608,3167
1490142720,-28.643858,153.533177,3171
1490142721,-28.643489,153.532764,3174
1490142722,-28.643102,153.532367,3180
1490142723,-28.642701,153.531991,3183
1490142724,-28.642285,153.531632,3187
1490142725,-28.641856,153.531294,3191
1490142726,-28.641413,153.530969,3195
1490142727,-28.640959,153.530661,3200
1490142728,-28.640497,153.530373,3204
1490142729,-28.640025,153.530104,3209
1490142730,-28.639545,153.529858,3215
1490142731,-28.639057,153.529632,3220
1490142732,-28.638563,153.529429,3223
1490142733,-28.638061,153.529249,3228
1490142734,-28.637556,153.529106,3234
1490142735,-28.637041,153.528975,3237
1490142736,-28.636526,153.528871,3242
1490142737,-28.636004,153.528799,3245
1490142738,-28.63548,153.528751,3248
1490142739,-28.634957,153.528721,3252
1490142740,-28.634432,153.528716,3256
1490142741,-28.633907,153.528742,3259
1490142742,-28.633383,153.528791,3263
1490142743,-28.632861,153.52886,3266
1490142744,-28.632342,153.528953,3269
1490142745,-28.631826,153.529073,3274
1490142746,-28.631307,153.529202,3276
1490142747,-28.6308,153.529359,3279
1490142747,-28.6308,153.529359,3283
1490142749,-28.6308,153.529359,3288
1490142750,-28.6308,153.529359,3290
1490142751,-28.628831,153.53018,3293
1490142752,-28.628334,153.530427,3295
1490142753,-28.627851,153.530681,3298
1490142754,-28.627357,153.530938,3301
1490142755,-28.626869,153.5312,3301
1490142756,-28.62639,153.531471,3306
1490142757,-28.625914,153.531744,3308
1490142758,-28.625441,153.532023,3313
1490142759,-28.624973,153.532312,3317
1490142760,-28.624501,153.532594,3322
1490142761,-28.624028,153.53287,3328
1490142762,-28.623556,153.533144,3334
1490142763,-28.623082,153.533411,3340
1490142763,-28.623082,153.533411,3340
1490142763,-28.623082,153.533411,3341
1490142763,-28.623082,153.533411,3340
1490142763,-28.623082,153.533411,3345
1490142763,-28.623082,153.533411,3355
1490142763,-28.623082,153.533411,3377
1490142763,-28.623082,153.533411,3382
1490142763,-28.623082,153.533411,3385
1490142763,-28.623082,153.533411,3384
1490142763,-28.623082,153.533411,3383
1490142763,-28.623082,153.533411,3385
1490142763,-28.623082,153.533411,3384
1490142763,-28.623082,153.533411,3387
1490142763,-28.623082,153.533411,3385
1490142763,-28.623082,153.533411,3387
1490142765,-28.622138,153.533923,3387
1490142765,-28.622138,153.533923,3387
1490142765,-28.622138,153.533923,3387
1490142765,-28.622138,153.533923,3386
1490142765,-28.622138,153.533923,3387
1490142765,-28.622138,153.533923,3388
1490142765,-28.622138,153.533923,3390
1490142765,-28.622138,153.533923,3390
1490142765,-28.622138,153.533923,3390
1490142765,-28.622138,153.533923,3391
1490142766,-28.621664,153.534167,3391
1490142766,-28.621664,153.534167,3392
1490142766,-28.621664,153.534167,3392
1490142766,-28.621664,153.534167,3390
1490142766,-28.621664,153.534167,3393
1490142766,-28.621664,153.534167,3393
1490142766,-28.621664,153.534167,3395
1490142766,-28.621664,153.534167,3394
1490142766,-28.621664,153.534167,3396
1490142766,-28.621664,153.534167,3396
1490142767,-28.621191,153.534418,3396
1490142767,-28.621191,153.534418,3396
1490142767,-28.621191,153.534418,3398
1490142767,-28.621191,153.534418,3397
1490142767,-28.621191,153.534418,3399
1490142767,-28.621191,153.534418,3400
1490142767,-28.621191,153.534418,3399
1490142767,-28.621191,153.534418,3399
1490142767,-28.621191,153.534418,3399
1490142767,-28.621191,153.534418,3398
1490142768,-28.620718,153.53466,3400
1490142768,-28.620718,153.53466,3400
1490142768,-28.620718,153.53466,3397
1490142768,-28.620718,153.53466,3399
1490142768,-28.620718,153.53466,3399
1490142768,-28.620718,153.53466,3400
1490142768,-28.620718,153.53466,3400
1490142768,-28.620718,153.53466,3395
1490142768,-28.620718,153.53466,3395
1490142768,-28.620718,153.53466,3397
1490142769,-28.62024,153.534902,3396
1490142769,-28.62024,153.534902,3395
1490142769,-28.62024,153.534902,3397
1490142769,-28.62024,153.534902,3402
1490142769,-28.62024,153.534902,3407
1490142769,-28.62024,153.534902,3408
1490142769,-28.62024,153.534902,3409
1490142769,-28.62024,153.534902,3409
1490142769,-28.62024,153.534902,3409
1490142769,-28.62024,153.534902,3411
1490142770,-28.619761,153.535137,3410
1490142770,-28.619761,153.535137,3411
1490142770,-28.619761,153.535137,3414
1490142770,-28.619761,153.535137,3413
1490142770,-28.619761,153.535137,3413
1490142770,-28.619761,153.535137,3412
1490142770,-28.619761,153.535137,3413
1490142770,-28.619761,153.535137,3414
1490142770,-28.619761,153.535137,3412
1490142770,-28.619761,153.535137,3412
1490142771,-28.619281,153.53537,3413
1490142771,-28.619281,153.53537,3412
1490142771,-28.619281,153.53537,3415
1490142771,-28.619281,153.53537,3416
1490142771,-28.619281,153.53537,3415
1490142771,-28.619281,153.53537,3411
1490142771,-28.619281,153.53537,3412
1490142771,-28.619281,153.53537,3415
1490142771,-28.619281,153.53537,3415
1490142771,-28.619281,153.53537,3417
1490142772,-28.618796,153.5356,3418
1490142772,-28.618796,153.5356,3417
1490142772,-28.618796,153.5356,3419
1490142772,-28.618796,153.5356,3418
1490142772,-28.618796,153.5356,3419
1490142772,-28.618796,153.5356,3422
1490142772,-28.618796,153.5356,3420
1490142772,-28.618796,153.5356,3421
1490142772,-28.618796,153.5356,3418
1490142772,-28.618796,153.5356,3419
1490142773,-28.618314,153.535834,3420
1490142773,-28.618314,153.535834,3415
1490142773,-28.618314,153.535834,3418
1490142773,-28.618314,153.535834,3418
1490142773,-28.618314,153.535834,3419
1490142773,-28.618314,153.535834,3421
1490142773,-28.618314,153.535834,3420
1490142773,-28.618314,153.535834,3419
1490142773,-28.618314,153.535834,3422
1490142773,-28.618314,153.535834,3424
1490142774,-28.617827,153.536068,3424
1490142774,-28.617827,153.536068,3423
1490142774,-28.617827,153.536068,3421
1490142774,-28.617827,153.536068,3423
1490142774,-28.617827,153.536068,3422
1490142774,-28.617827,153.536068,3421
1490142774,-28.617827,153.536068,3423
1490142774,-28.617827,153.536068,3423
1490142774,-28.617827,153.536068,3423
1490142774,-28.617827,153.536068,3424
1490142775,-28.617344,153.536311,3426
1490142775,-28.617344,153.536311,3427
1490142775,-28.617344,153.536311,3428
1490142775,-28.617344,153.536311,3426
1490142775,-28.617344,153.536311,3428
1490142775,-28.617344,153.536311,3429
1490142775,-28.617344,153.536311,3429
1490142775,-28.617344,153.536311,3432
1490142775,-28.617344,153.536311,3429
1490142775,-28.617344,153.536311,3431
1490142776,-28.616861,153.536556,3428
1490142776,-28.616861,153.536556,3431
1490142776,-28.616861,153.536556,3431
1490142776,-28.616861,153.536556,3432
1490142776,-28.616861,153.536556,3433
1490142776,-28.616861,153.536556,3430
1490142776,-28.616861,153.536556,3430
1490142776,-28.616861,153.536556,3434
1490142776,-28.616861,153.536556,3433
1490142776,-28.616861,153.536556,3430
1490142777,-28.616381,153.536808,3430
1490142777,-28.616381,153.536808,3431
1490142777,-28.616381,153.536808,3432
1490142777,-28.616381,153.536808,3434
1490142777,-28.616381,153.536808,3433
1490142777,-28.616381,153.536808,3434
1490142777,-28.616381,153.536808,3435
1490142777,-28.616381,153.536808,3437
1490142777,-28.616381,153.536808,3437
1490142777,-28.616381,153.536808,3434
1490142778,-28.6159,153.537062,3436
1490142778,-28.6159,153.537062,3435
1490142778,-28.6159,153.537062,3436
1490142778,-28.6159,153.537062,3437
1490142778,-28.6159,153.537062,3438
1490142778,-28.6159,153.537062,3437
1490142778,-28.6159,153.537062,3438
1490142778,-28.6159,153.537062,3442
1490142778,-28.6159,153.537062,3436
1490142778,-28.6159,153.537062,3438
1490142779,-28.615426,153.537331,3441
1490142779,-28.615426,153.537331,3439
1490142779,-28.615426,153.537331,3438
1490142779,-28.615426,153.537331,3438
1490142779,-28.615426,153.537331,3438
1490142779,-28.615426,153.537331,3441
1490142779,-28.615426,153.537331,3440
1490142779,-28.615426,153.537331,3441
1490142779,-28.615426,153.537331,3443
1490142779,-28.615426,153.537331,3441
1490142780,-28.614954,153.537604,3442
1490142780,-28.614954,153.537604,3443
1490142780,-28.614954,153.537604,3444
1490142780,-28.614954,153.537604,3443
1490142780,-28.614954,153.537604,3444
1490142780,-28.614954,153.537604,3444
1490142780,-28.614954,153.537604,3445
1490142780,-28.614954,153.537604,3444
1490142780,-28.614954,153.537604,3446
1490142780,-28.614954,153.537604,3446
1490142781,-28.614485,153.537878,3448
1490142781,-28.614485,153.537878,3447
1490142781,-28.614485,153.537878,3450
1490142781,-28.614485,153.537878,3451
1490142781,-28.614485,153.537878,3452
1490142781,-28.614485,153.537878,3453
1490142781,-28.614485,153.537878,3451
1490142781,-28.614485,153.537878,3450
1490142781,-28.614485,153.537878,3452
1490142781,-28.614485,153.537878,3452
1490142782,-28.614022,153.538157,3451
1490142782,-28.614022,153.538157,3452
1490142782,-28.614022,153.538157,3453
1490142782,-28.614022,153.538157,3456
1490142782,-28.614022,153.538157,3455
1490142782,-28.614022,153.538157,3455
1490142782,-28.614022,153.538157,3456
1490142782,-28.614022,153.538157,3457
1490142782,-28.614022,153.538157,3456
1490142782,-28.614022,153.538157,3458
1490142783,-28.613556,153.538431,3460
1490142783,-28.613556,153.538431,3459
1490142783,-28.613556,153.538431,3458
1490142783,-28.613556,153.538431,3460
1490142783,-28.613556,153.538431,3459
1490142783,-28.613556,153.538431,3462
1490142783,-28.613556,153.538431,3460
1490142783,-28.613556,153.538431,3462
1490142783,-28.613556,153.538431,3461
1490142783,-28.613556,153.538431,3462
1490142784,-28.613094,153.538711,3461
1490142784,-28.613094,153.538711,3464
1490142784,-28.613094,153.538711,3465
1490142784,-28.613094,153.538711,3463
1490142784,-28.613094,153.538711,3463
1490142784,-28.613094,153.538711,3463
1490142784,-28.613094,153.538711,3466
1490142784,-28.613094,153.538711,3466
1490142784,-28.613094,153.538711,3465
1490142784,-28.613094,153.538711,3467
1490142785,-28.61263,153.538986,3467
1490142785,-28.61263,153.538986,3465
1490142785,-28.61263,153.538986,3467
1490142785,-28.61263,153.538986,3467
1490142785,-28.61263,153.538986,3467
1490142785,-28.61263,153.538986,3466
1490142785,-28.61263,153.538986,3470
1490142785,-28.61263,153.538986,3468
1490142785,-28.61263,153.538986,3470
1490142785,-28.61263,153.538986,3471
1490142786,-28.612164,153.539257,3471
1490142786,-28.612164,153.539257,3468
1490142786,-28.612164,153.539257,3469
1490142786,-28.612164,153.539257,3469
1490142786,-28.612164,153.539257,3471
1490142786,-28.612164,153.539257,3471
1490142786,-28.612164,153.539257,3473
1490142786,-28.612164,153.539257,3474
1490142786,-28.612164,153.539257,3473
1490142786,-28.612164,153.539257,3474
1490142787,-28.611697,153.539523,3473
1490142787,-28.611697,153.539523,3476
1490142787,-28.611697,153.539523,3476
1490142787,-28.611697,153.539523,3476
1490142787,-28.611697,153.539523,3474
1490142787,-28.611697,153.539523,3476
1490142787,-28.611697,153.539523,3477
1490142787,-28.611697,153.539523,3476
1490142787,-28.611697,153.539523,3480
1490142787,-28.611697,153.539523,3479
1490142788,-28.611228,153.539783,3479
1490142788,-28.611228,153.539783,3481
1490142788,-28.611228,153.539783,3480
1490142788,-28.611228,153.539783,3479
1490142788,-28.611228,153.539783,3481
1490142788,-28.611228,153.539783,3480
1490142788,-28.611228,153.539783,3485
1490142788,-28.611228,153.539783,3484
1490142788,-28.611228,153.539783,3483
1490142788,-28.611228,153.539783,3482
1490142789,-28.610757,153.540036,3487
1490142789,-28.610757,153.540036,3485
1490142789,-28.610757,153.540036,3485
1490142789,-28.610757,153.540036,3480
1490142789,-28.610757,153.540036,3483
1490142789,-28.610757,153.540036,3485
1490142789,-28.610757,153.540036,3485
1490142789,-28.610757,153.540036,3487
1490142789,-28.610757,153.540036,3486
1490142789,-28.610757,153.540036,3487
1490142790,-28.610285,153.540287,3492
1490142790,-28.610285,153.540287,3490
1490142790,-28.610285,153.540287,3490
1490142790,-28.610285,153.540287,3489
1490142790,-28.610285,153.540287,3491
1490142790,-28.610285,153.540287,3491
1490142790,-28.610285,153.540287,3493
1490142790,-28.610285,153.540287,3494
1490142790,-28.610285,153.540287,3495
1490142790,-28.610285,153.540287,3497
1490142791,-28.609809,153.540525,3498
1490142791,-28.609809,153.540525,3496
1490142791,-28.609809,153.540525,3496
1490142791,-28.609809,153.540525,3495
1490142791,-28.609809,153.540525,3492
1490142791,-28.609809,153.540525,3496
1490142791,-28.609809,153.540525,3496
1490142791,-28.609809,153.540525,3498
1490142791,-28.609809,153.540525,3496
1490142791,-28.609809,153.540525,3499
1490142792,-28.609331,153.540756,3502
1490142792,-28.609331,153.540756,3504
1490142792,-28.609331,153.540756,3501
1490142792,-28.609331,153.540756,3502
1490142792,-28.609331,153.540756,3502
1490142792,-28.609331,153.540756,3500
1490142792,-28.609331,153.540756,3501
1490142792,-28.609331,153.540756,3504
1490142792,-28.609331,153.540756,3502
1490142792,-28.609331,153.540756,3504
1490142793,-28.608853,153.540986,3505
1490142793,-28.608853,153.540986,3503
1490142793,-28.608853,153.540986,3505
1490142793,-28.608853,153.540986,3506
1490142793,-28.608853,153.540986,3507
1490142793,-28.608853,153.540986,3508
1490142793,-28.608853,153.540986,3509
1490142793,-28.608853,153.540986,3506
1490142793,-28.608853,153.540986,3508
1490142793,-28.608853,153.540986,3506
1490142794,-28.608375,153.541214,3508
1490142794,-28.608375,153.541214,3508
1490142794,-28.608375,153.541214,3507
1490142794,-28.608375,153.541214,3509
1490142794,-28.608375,153.541214,3509
1490142794,-28.608375,153.541214,3511
1490142794,-28.608375,153.541214,3511
1490142794,-28.608375,153.541214,3511
1490142794,-28.608375,153.541214,3513
1490142794,-28.608375,153.541214,3512
1490142794,-28.608375,153.541214,3513
1490142795,-28.607895,153.541436,3513
1490142795,-28.607895,153.541436,3515
1490142795,-28.607895,153.541436,3515
1490142795,-28.607895,153.541436,3513
1490142795,-28.607895,153.541436,3515
1490142795,-28.607895,153.541436,3516
1490142795,-28.607895,153.541436,3516
1490142795,-28.607895,153.541436,3518
1490142795,-28.607895,153.541436,3515
1490142795,-28.607895,153.541436,3516
1490142796,-28.607417,153.541662,3516
1490142796,-28.607417,153.541662,3519
1490142796,-28.607417,153.541662,3520
1490142796,-28.607417,153.541662,3517
1490142796,-28.607417,153.541662,3516
1490142796,-28.607417,153.541662,3518
1490142796,-28.607417,153.541662,3520
1490142796,-28.607417,153.541662,3520
1490142796,-28.607417,153.541662,3520
1490142796,-28.607417,153.541662,3518
1490142797,-28.606938,153.541887,3522
1490142797,-28.606938,153.541887,3520
1490142797,-28.606938,153.541887,3519
1490142797,-28.606938,153.541887,3520
1490142797,-28.606938,153.541887,3522
1490142797,-28.606938,153.541887,3522
1490142797,-28.606938,153.541887,3523
1490142797,-28.606938,153.541887,3522
1490142797,-28.606938,153.541887,3523
1490142797,-28.606938,153.541887,3524
1490142798,-28.606458,153.54211,3524
1490142798,-28.606458,153.54211,3525
1490142798,-28.606458,153.54211,3523
1490142798,-28.606458,153.54211,3525
1490142798,-28.606458,153.54211,3525
1490142798,-28.606458,153.54211,3527
1490142798,-28.606458,153.54211,3524
1490142798,-28.606458,153.54211,3527
1490142798,-28.606458,153.54211,3529
1490142798,-28.606458,153.54211,3527
1490142799,-28.605976,153.542332,3527
1490142799,-28.605976,153.542332,3526
1490142799,-28.605976,153.542332,3529
1490142799,-28.605976,153.542332,3530
1490142799,-28.605976,153.542332,3528
1490142799,-28.605976,153.542332,3528
1490142799,-28.605976,153.542332,3527
1490142799,-28.605976,153.542332,3530
1490142799,-28.605976,153.542332,3529
1490142799,-28.605976,153.542332,3529
1490142800,-28.605496,153.542555,3533
1490142800,-28.605496,153.542555,3531
1490142800,-28.605496,153.542555,3533
1490142800,-28.605496,153.542555,3532
1490142800,-28.605496,153.542555,3532
1490142800,-28.605496,153.542555,3533
1490142800,-28.605496,153.542555,3534
1490142800,-28.605496,153.542555,3535
1490142800,-28.605496,153.542555,3533
1490142800,-28.605496,153.542555,3536
1490142801,-28.605019,153.54278,3535
1490142801,-28.605019,153.54278,3535
1490142801,-28.605019,153.54278,3536
1490142801,-28.605019,153.54278,3533
1490142801,-28.605019,153.54278,3534
1490142801,-28.605019,153.54278,3535
1490142801,-28.605019,153.54278,3533
1490142801,-28.605019,153.54278,3535
1490142801,-28.605019,153.54278,3536
1490142801,-28.605019,153.54278,3536
1490142802,-28.604537,153.543003,3533
1490142802,-28.604537,153.543003,3539
1490142802,-28.604537,153.543003,3531
1490142802,-28.604537,153.543003,3538
1490142802,-28.604537,153.543003,3536
1490142802,-28.604537,153.543003,3539
1490142802,-28.604537,153.543003,3541
1490142802,-28.604537,153.543003,3539
1490142802,-28.604537,153.543003,3538
1490142802,-28.604537,153.543003,3537
1490142803,-28.604059,153.543228,3541
1490142803,-28.604059,153.543228,3544
1490142803,-28.604059,153.543228,3543
1490142803,-28.604059,153.543228,3544
1490142803,-28.604059,153.543228,3543
1490142803,-28.604059,153.543228,3543
1490142803,-28.604059,153.543228,3543
1490142803,-28.604059,153.543228,3547
1490142803,-28.604059,153.543228,3546
1490142803,-28.604059,153.543228,3548
1490142804,-28.603581,153.543448,3547
1490142804,-28.603581,153.543448,3547
1490142804,-28.603581,153.543448,3549
1490142804,-28.603581,153.543448,3551
1490142804,-28.603581,153.543448,3549
1490142804,-28.603581,153.543448,3549
1490142804,-28.603581,153.543448,3548
1490142804,-28.603581,153.543448,3554
1490142804,-28.603581,153.543448,3551
1490142804,-28.603581,153.543448,3552
1490142805,-28.603097,153.543661,3553
1490142805,-28.603097,153.543661,3552
1490142805,-28.603097,153.543661,3553
1490142805,-28.603097,153.543661,3552
1490142805,-28.603097,153.543661,3554
1490142805,-28.603097,153.543661,3555
1490142805,-28.603097,153.543661,3556
1490142805,-28.603097,153.543661,3556
1490142805,-28.603097,153.543661,3556
1490142805,-28.603097,153.543661,3556
1490142806,-28.602615,153.543873,3556
1490142806,-28.602615,153.543873,3559
1490142806,-28.602615,153.543873,3557
1490142806,-28.602615,153.543873,3557
1490142806,-28.602615,153.543873,3558
1490142806,-28.602615,153.543873,3559
1490142806,-28.602615,153.543873,3557
1490142806,-28.602615,153.543873,3556
1490142806,-28.602615,153.543873,3556
1490142806,-28.602615,153.543873,3558
1490142807,-28.602137,153.544097,3560
1490142807,-28.602137,153.544097,3558
1490142807,-28.602137,153.544097,3560
1490142807,-28.602137,153.544097,3559
1490142807,-28.602137,153.544097,3559
1490142807,-28.602137,153.544097,3560
1490142807,-28.602137,153.544097,3560
1490142807,-28.602137,153.544097,3558
1490142807,-28.602137,153.544097,3562
1490142807,-28.602137,153.544097,3564
1490142808,-28.601659,153.544318,3564
1490142808,-28.601659,153.544318,3564
1490142808,-28.601659,153.544318,3567
1490142808,-28.601659,153.544318,3565
1490142808,-28.601659,153.544318,3567
1490142808,-28.601659,153.544318,3566
1490142808,-28.601659,153.544318,3568
1490142808,-28.601659,153.544318,3567
1490142808,-28.601659,153.544318,3568
1490142808,-28.601659,153.544318,3567
1490142809,-28.60118,153.544537,3565
1490142809,-28.60118,153.544537,3566
1490142809,-28.60118,153.544537,3567
1490142809,-28.60118,153.544537,3570
1490142809,-28.60118,153.544537,3568
1490142809,-28.60118,153.544537,3567
1490142809,-28.60118,153.544537,3566
1490142809,-28.60118,153.544537,3570
1490142809,-28.60118,153.544537,3571
1490142809,-28.60118,153.544537,3569
1490142810,-28.600702,153.544763,3571
1490142810,-28.600702,153.544763,3573
1490142810,-28.600702,153.544763,3573
1490142810,-28.600702,153.544763,3571
1490142810,-28.600702,153.544763,3572
1490142810,-28.600702,153.544763,3573
1490142810,-28.600702,153.544763,3572
1490142810,-28.600702,153.544763,3573
1490142810,-28.600702,153.544763,3571
1490142810,-28.600702,153.544763,3575
1490142811,-28.600218,153.544984,3572
1490142811,-28.600218,153.544984,3573
1490142811,-28.600218,153.544984,3573
1490142811,-28.600218,153.544984,3575
1490142811,-28.600218,153.544984,3576
1490142811,-28.600218,153.544984,3576
1490142811,-28.600218,153.544984,3576
1490142811,-28.600218,153.544984,3575
1490142811,-28.600218,153.544984,3574
1490142811,-28.600218,153.544984,3576
1490142812,-28.599743,153.545209,3576
1490142812,-28.599743,153.545209,3574
1490142812,-28.599743,153.545209,3578
1490142812,-28.599743,153.545209,3577
1490142812,-28.599743,153.545209,3578
1490142812,-28.599743,153.545209,3579
1490142812,-28.599743,153.545209,3578
1490142812,-28.599743,153.545209,3577
1490142812,-28.599743,153.545209,3579
1490142812,-28.599743,153.545209,3579
1490142813,-28.599272,153.545433,3577
1490142813,-28.599272,153.545433,3580
1490142813,-28.599272,153.545433,3581
1490142813,-28.599272,153.545433,3579
1490142813,-28.599272,153.545433,3583
1490142813,-28.599272,153.545433,3581
1490142813,-28.599272,153.545433,3582
1490142813,-28.599272,153.545433,3583
1490142813,-28.599272,153.545433,3582
1490142813,-28.599272,153.545433,3583
1490142814,-28.598798,153.545658,3584
1490142814,-28.598798,153.545658,3585
1490142814,-28.598798,153.545658,3585
1490142814,-28.598798,153.545658,3587
1490142814,-28.598798,153.545658,3585
1490142814,-28.598798,153.545658,3583
1490142814,-28.598798,153.545658,3585
1490142814,-28.598798,153.545658,3585
1490142814,-28.598798,153.545658,3586
1490142814,-28.598798,153.545658,3586
1490142815,-28.598325,153.545884,3588
1490142815,-28.598325,153.545884,3587
1490142815,-28.598325,153.545884,3589
1490142815,-28.598325,153.545884,3589
1490142815,-28.598325,153.545884,3588
1490142815,-28.598325,153.545884,3587
1490142815,-28.598325,153.545884,3588
1490142815,-28.598325,153.545884,3588
1490142815,-28.598325,153.545884,3589
1490142815,-28.598325,153.545884,3590
1490142816,-28.597856,153.546112,3589
1490142816,-28.597856,153.546112,3588
1490142816,-28.597856,153.546112,3591
1490142816,-28.597856,153.546112,3591
1490142816,-28.597856,153.546112,3589
1490142816,-28.597856,153.546112,3591
1490142816,-28.597856,153.546112,3590
1490142816,-28.597856,153.546112,3588
1490142816,-28.597856,153.546112,3590
1490142816,-28.597856,153.546112,3588
1490142817,-28.597388,153.546339,3591
1490142817,-28.597388,153.546339,3592
1490142817,-28.597388,153.546339,3588
1490142817,-28.597388,153.546339,3590
1490142817,-28.597388,153.546339,3591
1490142817,-28.597388,153.546339,3590
1490142817,-28.597388,153.546339,3593
1490142817,-28.597388,153.546339,3592
1490142817,-28.597388,153.546339,3591
1490142817,-28.597388,153.546339,3593
1490142818,-28.596926,153.546565,3593
1490142818,-28.596926,153.546565,3594
1490142818,-28.596926,153.546565,3593
1490142818,-28.596926,153.546565,3592
1490142818,-28.596926,153.546565,3592
1490142818,-28.596926,153.546565,3593
1490142818,-28.596926,153.546565,3593
1490142818,-28.596926,153.546565,3593
1490142818,-28.596926,153.546565,3595
1490142818,-28.596926,153.546565,3594
1490142819,-28.59647,153.546787,3594
1490142819,-28.59647,153.546787,3593
1490142819,-28.59647,153.546787,3594
1490142819,-28.59647,153.546787,3588
1490142819,-28.59647,153.546787,3587
1490142819,-28.59647,153.546787,3593
1490142819,-28.59647,153.546787,3594
1490142819,-28.59647,153.546787,3593
1490142819,-28.59647,153.546787,3593
1490142819,-28.59647,153.546787,3593
1490142820,-28.596012,153.547002,3594
1490142820,-28.596012,153.547002,3596
1490142820,-28.596012,153.547002,3600
1490142820,-28.596012,153.547002,3604
1490142820,-28.596012,153.547002,3604
1490142820,-28.596012,153.547002,3594
1490142820,-28.596012,153.547002,3608
1490142820,-28.596012,153.547002,3608
1490142820,-28.596012,153.547002,3605
1490142820,-28.596012,153.547002,3608
1490142820,-28.596012,153.547002,3610
1490142820,-28.596012,153.547002,3608
1490142820,-28.596012,153.547002,3610
1490142820,-28.596012,153.547002,3609
1490142820,-28.596012,153.547002,3609
1490142820,-28.596012,153.547002,3608
1490142820,-28.596012,153.547002,3608
1490142820,-28.596012,153.547002,3606
1490142820,-28.596012,153.547002,3609
1490142820,-28.596012,153.547002,3606
1490142820,-28.596012,153.547002,3603
1490142820,-28.596012,153.547002,3603
1490142820,-28.596012,153.547002,3598
1490142820,-28.596012,153.547002,3602
1490142820,-28.596012,153.547002,3602
1490142820,-28.596012,153.547002,3596
1490142822,-28.596012,153.547002,3598
1490142822,-28.596012,153.547002,3606
1490142822,-28.596012,153.547002,3605
1490142822,-28.596012,153.547002,3616
1490142822,-28.596012,153.547002,3612
1490142823,-28.596012,153.547002,3610
1490142823,-28.596012,153.547002,3612
1490142823,-28.596012,153.547002,3614
1490142823,-28.596012,153.547002,3615
1490142823,-28.596012,153.547002,3617
1490142823,-28.596012,153.547002,3617
1490142823,-28.596012,153.547002,3620
1490142823,-28.596012,153.547002,3608
1490142823,-28.596012,153.547002,3609
1490142824,-28.596012,153.547002,3610
1490142824,-28.596012,153.547002,3607
1490142824,-28.596012,153.547002,3605
1490142824,-28.596012,153.547002,3605
1490142824,-28.596012,153.547002,3611
1490142824,-28.596012,153.547002,3609
1490142824,-28.596012,153.547002,3610
1490142824,-28.596012,153.547002,3613
1490142824,-28.596012,153.547002,3605
1490142824,-28.596012,153.547002,3605
1490142824,-28.596012,153.547002,3604
1490142825,-28.596012,153.547002,3604
1490142825,-28.596012,153.547002,3604
1490142825,-28.596012,153.547002,3598
1490142825,-28.596012,153.547002,3603
1490142825,-28.596012,153.547002,3605
1490142825,-28.596012,153.547002,3604
1490142825,-28.596012,153.547002,3602
1490142825,-28.596012,153.547002,3604
1490142825,-28.596012,153.547002,3599
1490142826,-28.596012,153.547002,3604
1490142826,-28.596012,153.547002,3610
1490142826,-28.596012,153.547002,3601
1490142826,-28.596012,153.547002,3597
1490142826,-28.596012,153.547002,3598
1490142826,-28.596012,153.547002,3602
1490142826,-28.596012,153.547002,3604
1490142826,-28.596012,153.547002,3602
1490142826,-28.596012,153.547002,3603
1490142826,-28.596012,153.547002,3612
1490142826,-28.596012,153.547002,3603
1490142827,-28.592811,153.548619,3623
1490142827,-28.592811,153.548619,3636
1490142827,-28.592811,153.548619,3630
1490142827,-28.592811,153.548619,3635
1490142827,-28.592811,153.548619,3660
1490142827,-28.592811,153.548619,3650
1490142827,-28.592811,153.548619,3649
1490142827,-28.592811,153.548619,3613
1490142827,-28.592811,153.548619,3604
1490142827,-28.592811,153.548619,3612
1490142828,-28.592351,153.548762,3583
1490142828,-28.592351,153.548762,3624
1490142828,-28.592351,153.548762,3624
1490142828,-28.592351,153.548762,3605
1490142828,-28.592351,153.548762,3613
1490142828,-28.592351,153.548762,3601
1490142828,-28.592351,153.548762,3590
1490142828,-28.592351,153.548762,3597
1490142828,-28.592351,153.548762,3571
1490142828,-28.592351,153.548762,3535
1490142829,-28.591918,153.548939,3571
1490142829,-28.591918,153.548939,3577
1490142829,-28.591918,153.548939,3582
1490142829,-28.591918,153.548939,3584
1490142829,-28.591918,153.548939,3580
1490142829,-28.591918,153.548939,3578
1490142829,-28.591918,153.548939,3580
1490142829,-28.591918,153.548939,3597
1490142829,-28.591918,153.548939,3597
1490142829,-28.591918,153.548939,3587
1490142830,-28.591506,153.549021,3566
1490142830,-28.591506,153.549021,3546
1490142830,-28.591506,153.549021,3539
1490142830,-28.591506,153.549021,3539
1490142830,-28.591506,153.549021,3543
1490142830,-28.591506,153.549021,3544
1490142830,-28.591506,153.549021,3541
1490142830,-28.591506,153.549021,3528
1490142830,-28.591506,153.549021,3505
1490142832,-28.590794,153.549202,3473
1490142833,-28.590794,153.549202,3410
1490142834,-28.590226,153.549534,3325
1490142835,-28.589941,153.549623,3348
1490142836,-28.589694,153.549692,3289
1490142836,-28.589694,153.549692,3246
1490142838,-28.589694,153.549692,3149
1490142839,-28.589694,153.549692,3131
1490142840,-28.589694,153.549692,2997
1490142841,-28.589694,153.549692,2950
1490142842,-28.589694,153.549692,2885
1490142843,-28.588532,153.54994,2830
1490142844,-28.588532,153.54994,2767
1490142845,-28.588532,153.54994,2654
1490142846,-28.588532,153.54994,2632
1490142847,-28.588532,153.54994,2590
1490142848,-28.588532,153.54994,2497
1490142849,-28.588342,153.549618,2417
1490142850,-28.58835,153.549707,2350
1490142851,-28.58837,153.54976,2295
1490142852,-28.58837,153.54976,2210
1490142853,-28.588464,153.549743,2146
1490142854,-28.588594,153.549711,2184
1490142855,-28.588672,153.549617,1937
1490142856,-28.588731,153.549558,1909
1490142857,-28.588776,153.549511,1774
1490142857,-28.588776,153.549511,1711
1490142857,-28.588776,153.549511,1656
1490142857,-28.588776,153.549511,1585
1490142861,-28.588776,153.549511,1471
1490142862,-28.588776,153.549511,1573
1490142863,-28.588776,153.549511,1377
1490142864,-28.588776,153.549511,1349
1490142865,-28.588776,153.549511,1265
1490142866,-28.588776,153.549511,1195
1490142867,-28.589314,153.549992,1115
1490142868,-28.589552,153.550184,1053
1490142869,-28.58978,153.550356,993
1490142870,-28.589956,153.550478,918
1490142871,-28.589956,153.550478,859
1490142872,-28.590192,153.550622,826
1490142873,-28.590274,153.550711,813
1490142874,-28.590312,153.550809,796
1490142875,-28.590266,153.550893,785
1490142876,-28.590179,153.550938,769
1490142877,-28.590088,153.550923,758
1490142878,-28.590004,153.550829,748
1490142879,-28.589948,153.550695,739
1490142880,-28.589912,153.550565,738
1490142881,-28.589884,153.550426,725
1490142882,-28.589873,153.550286,718
1490142883,-28.589875,153.55014,712
1490142884,-28.589895,153.54998,704
1490142885,-28.589944,153.549817,692
1490142886,-28.590003,153.549644,686
1490142887,-28.590072,153.549468,674
1490142888,-28.590157,153.549289,668
1490142889,-28.59026,153.549111,660
1490142890,-28.590382,153.548935,656
1490142891,-28.590517,153.548761,647
1490142892,-28.590659,153.548588,638
1490142893,-28.590788,153.54841,628
1490142894,-28.590895,153.548225,619
1490142895,-28.590987,153.548034,613
1490142896,-28.591081,153.547844,607
1490142897,-28.591172,153.547655,596
1490142898,-28.591254,153.547469,588
1490142899,-28.591321,153.547284,580
1490142900,-28.591378,153.5471,573
1490142901,-28.591442,153.546912,565
1490142902,-28.591535,153.546717,553
1490142903,-28.591657,153.546521,548
1490142904,-28.591792,153.546325,538
1490142905,-28.591928,153.546128,532
1490142906,-28.592062,153.545933,521
1490142907,-28.592192,153.54573,505
1490142908,-28.592272,153.545521,499
1490142909,-28.592277,153.545355,479
1490142910,-28.592224,153.545293,459
1490142911,-28.592172,153.545354,441
1490142912,-28.592156,153.545507,426
1490142913,-28.592168,153.545707,417
1490142914,-28.592198,153.545925,401
1490142915,-28.592266,153.546134,387
1490142916,-28.592396,153.546312,378
1490142917,-28.592586,153.546419,363
1490142918,-28.59281,153.546424,345
1490142919,-28.593024,153.546328,331
1490142920,-28.593227,153.546173,317
1490142921,-28.59344,153.546017,302
1490142922,-28.593681,153.545916,298
1490142923,-28.593929,153.545888,287
1490142924,-28.594168,153.545914,274
1490142925,-28.59439,153.545976,271
1490142926,-28.594599,153.546048,250
1490142927,-28.594803,153.546117,244
1490142928,-28.595006,153.546179,218
1490142929,-28.595224,153.546243,207
1490142930,-28.595453,153.546315,207
1490142931,-28.595678,153.546408,205
1490142932,-28.595869,153.546533,182
1490142933,-28.595995,153.546597,154
1490142934,-28.59612,153.546606,135
1490142935,-28.596308,153.546616,82
1490142936,-28.596457,153.546737,61
1490142937,-28.596474,153.546919,26
1490142938,-28.596386,153.547112,12
1490142939,-28.596264,153.547325,-12
1490142940,-28.596128,153.547549,-46
1490142941,-28.595993,153.547744,-35
1490142942,-28.595873,153.547889,-24
1490142943,-28.595779,153.54801,-28
1490142944,-28.595712,153.548097,-32
1490142945,-28.595675,153.548151,-28
1490142946,-28.595658,153.548196,-30
1490142947,-28.595651,153.548219,-31
1490142948,-28.595657,153.548218,-31
1490142949,-28.59566,153.548222,-30
1490142950,-28.595658,153.54822,-31
1490142951,-28.595656,153.54822,-31
1490142952,-28.595653,153.548224,-31
1490142953,-28.595654,153.548222,-31
1490142954,-28.595652,153.548227,-31
1490142955,-28.595648,153.548231,-32
1490142956,-28.595646,153.548233,-31
1490142957,-28.595643,153.548233,-31
1490142958,-28.595639,153.548234,-31
1490142959,-28.595641,153.548231,-31
1490142960,-28.595643,153.548231,-31
1490142961,-28.595642,153.548232,-31
1490142962,-28.595643,153.548233,-31
1490142963,-28.595642,153.548233,-31
1490142964,-28.595642,153.548233,-31
1490142965,-28.595641,153.548233,-31
1490142966,-28.59564,153.548232,-31
1490142967,-28.595643,153.548233,-31
1490142968,-28.595645,153.548234,-31
1490142969,-28.595643,153.54823,-31
1490142970,-28.595642,153.548225,-31
1490142971,-28.595639,153.548221,-32
1490142972,-28.595635,153.548219,-31
1490142973,-28.595633,153.548218,-31
1490142974,-28.595633,153.548218,-32
1490142975,-28.595637,153.548216,-31
1490142976,-28.59564,153.548215,-29
1490142977,-28.595646,153.548215,-31
1490142978,-28.595659,153.54822,-32
1490142979,-28.59567,153.54822,-31
1490142980,-28.595671,153.548218,-31
1490142981,-28.595663,153.548216,-30
1490142982,-28.595653,153.548215,-31
1490142983,-28.595643,153.548216,-31
1490142984,-28.595637,153.548215,-31
1490142985,-28.595633,153.548212,-31
1490142986,-28.595632,153.548209,-32
1490142987,-28.595633,153.548209,-32
1490142988,-28.595633,153.54821,-31
1490142989,-28.595632,153.54821,-32
1490142990,-28.595629,153.548209,-32
1490142991,-28.595629,153.548212,-31
1490142992,-28.595629,153.548216,-31
1490142993,-28.595625,153.548219,-31
1490142994,-28.595622,153.548219,-31
1490142995,-28.595622,153.548217,-31
1490142996,-28.595629,153.548213,-31
1490142997,-28.595631,153.548211,-34
1490142998,-28.595631,153.548205,-31
1490142999,-28.595633,153.548193,-31
1490143000,-28.595634,153.548184,-32
1490143001,-28.595635,153.548175,-31
1490143002,-28.595638,153.548163,-31
1490143003,-28.595641,153.548158,-32
1490143004,-28.59564,153.548153,-31
1490143005,-28.595638,153.54815,-31
1490143006,-28.595638,153.548147,-31
1490143007,-28.595637,153.548145,-31
1490143008,-28.595639,153.548144,-31
1490143009,-28.59564,153.548139,-31
1490143010,-28.595641,153.548133,-31
1490143011,-28.595641,153.548122,-31
1490143012,-28.595641,153.548116,-31
1490143013,-28.595642,153.548114,-32
1490143014,-28.595643,153.548114,-32
1490143015,-28.595643,153.548114,-32
1490143016,-28.595644,153.548115,-31
1490143017,-28.595642,153.548116,-31
1490143018,-28.595643,153.548117,-32
1490143019,-28.595643,153.548116,-32
1490143020,-28.595646,153.548115,-32
1490143021,-28.595647,153.548115,-32
1490143022,-28.595648,153.548114,-32
1490143023,-28.595649,153.548114,-32
1490143024,-28.59565,153.548114,-31
1490143025,-28.595651,153.548114,-32
1490143026,-28.595652,153.548113,-32
1490143027,-28.595651,153.548113,-32
1490143028,-28.595652,153.548115,-32
1490143029,-28.595652,153.548114,-31
1490143030,-28.595649,153.548115,-31
1490143031,-28.595652,153.548116,-32
1490143032,-28.595657,153.548115,-32
1490143033,-28.595656,153.548113,-32
1490143034,-28.595653,153.54811,-32
1490143035,-28.595651,153.54811,-31
1490143036,-28.595652,153.54811,-32
1490143037,-28.595652,153.548108,-32
1490143038,-28.595648,153.5481,-32
1490143039,-28.59564,153.548094,-33
1490143040,-28.595637,153.548086,-33
1490143041,-28.595636,153.548084,-32
1490143042,-28.595639,153.548078,-31
1490143043,-28.595644,153.548072,-32
1490143044,-28.595645,153.548068,-32
1490143045,-28.595643,153.54806,-32
1490143046,-28.59564,153.548058,-32
1490143047,-28.595637,153.548058,-32
1490143048,-28.595632,153.54805,-32
1490143049,-28.595631,153.548045,-32
1490143050,-28.595632,153.548038,-31
1490143051,-28.59563,153.548028,-31
1490143052,-28.595625,153.548014,-31
1490143053,-28.595621,153.548,-33
1490143054,-28.59562,153.547993,-34
1490143055,-28.595619,153.547987,-32
1490143056,-28.595617,153.547977,-31
1490143057,-28.595612,153.547961,-31
1490143058,-28.595606,153.547949,-32
1490143059,-28.595603,153.547941,-34
1490143060,-28.595603,153.547933,-30
1490143061,-28.5956,153.547923,-31
1490143062,-28.595599,153.547908,-31
1490143063,-28.595601,153.547892,-32
1490143064,-28.595604,153.547881,-35
1490143064,-28.595604,153.547881,-31
1490143066,-28.595645,153.547641,-31
1490143067,-28.595575,153.547808,-30
1490143067,-28.595575,153.547808,-32
1490143069,-28.595587,153.547809,-32
1490143070,-28.595601,153.547849,-32
1490143071,-28.595603,153.547843,-32
1490143072,-28.595594,153.547842,-32
1490143073,-28.595591,153.547845,-32
1490143074,-28.595585,153.547847,-32
1490143075,-28.595584,153.547842,-33
1490143076,-28.595584,153.547835,-35
1490143077,-28.595583,153.547825,-32
1490143078,-28.595583,153.547814,-32
1490143078,-28.595583,153.547814,-32
1490143079,-28.595707,153.547743,-30
1490143080,-28.595609,153.54776,-29
1490143081,-28.595571,153.547744,-34
1490143082,-28.595579,153.547732,-33
1490143084,-28.595697,153.547653,-34
1490143084,-28.595697,153.547653,-32
1490143084,-28.595697,153.547653,-32
1490143084,-28.595697,153.547653,-32
1490143087,-28.595697,153.547653,-32
1490143088,-28.595697,153.547653,-32
1490143089,-28.595697,153.547653,-32
1490143090,-28.59559,153.547684,-34
1490143091,-28.595558,153.547684,-32
1490143092,-28.595558,153.547684,-32
1490143092,-28.595558,153.547684,-35
1490143095,-28.595583,153.547664,-32
1490143096,-28.595552,153.547658,-31
1490143097,-28.595548,153.547645,-29
1490143098,-28.595537,153.547631,-35
1490143099,-28.59553,153.54763,-32
1490143100,-28.595526,153.547629,-31
1490143101,-28.595519,153.547625,-31
1490143102,-28.59551,153.547619,-31
1490143103,-28.595495,153.547606,-30
1490143103,-28.595495,153.547606,-31
1490143104,-28.595495,153.547606,-34
1490143106,-28.595486,153.547586,-32
1490143106,-28.595486,153.547586,-32
1490143107,-28.595486,153.547586,-31
1490143108,-28.595486,153.547586,-31
1490143110,-28.595448,153.547522,-31
1490143111,-28.595432,153.547501,-33
1490143112,-28.595425,153.547498,-33
1490143113,-28.59542,153.547498,-35
1490143114,-28.595416,153.547495,-32
1490143115,-28.595418,153.547487,-31
1490143116,-28.595417,153.547478,-32
1490143117,-28.59541,153.547468,-31
1490143118,-28.595401,153.547453,-32
1490143119,-28.595391,153.547439,-30
1490143120,-28.595381,153.547422,-32
1490143121,-28.595371,153.547405,-32
1490143122,-28.595365,153.547396,-35
1490143122,-28.595365,153.547396,-32
1490143124,-28.595358,153.547382,-32
1490143124,-28.595358,153.547382,-32
1490143125,-28.595356,153.547372,-32
1490143126,-28.595352,153.547359,-31
1490143127,-28.595346,153.547344,-29
1490143128,-28.595337,153.547326,-31
1490143129,-28.595326,153.547309,-34
